policy,threads,chunk,trial1,trial2,trial3,mean_seconds,imbalance,checksum
static,2,1,0.316,0.314,0.314,0.314667,0.00124093,203116879
static,2,16,0.316,0.316,0.314,0.315333,0.0140109,203116879
static,2,64,0.328,0.328,0.331,0.329,0.10477,203116879
static,2,256,0.382,0.381,0.382,0.381667,0.433519,203116879
static,4,1,0.157,0.156,0.156,0.156333,0.00380165,203116879
static,4,16,0.159,0.16,0.159,0.159333,0.0400862,203116879
static,4,64,0.17,0.17,0.17,0.17,0.130951,203116879
static,4,256,0.38,0.385,0.386,0.383667,2.39465,203116879
static,8,1,0.095,0.096,0.0880001,0.093,0.0131234,203116879
static,8,16,0.0879998,0.0900002,0.0910001,0.0896667,0.161197,203116879
static,8,64,0.229,0.325,0.326,0.293333,1.92713,203116879
static,8,256,0.807,0.91,0.712,0.809667,4.82817,203116879
static,16,1,0.137,0.123,0.122,0.127333,0.0181608,203116879
static,16,16,0.123,0.128,0.123,0.124667,0.309537,203116879
static,16,64,0.255,0.342,0.284,0.293667,3.94129,203116879
static,16,256,0.742,0.87,0.395,0.669,9.65634,203116879
dynamic,2,1,0.316,0.313,0.313,0.314,0.00422289,203116879
dynamic,2,16,0.314,0.312,0.313,0.313,0.00637052,203116879
dynamic,2,64,0.327,0.325,0.327,0.326333,0.0854046,203116879
dynamic,2,256,0.383,0.38,0.381,0.381333,0.430761,203116879
dynamic,4,1,0.159,0.159,0.159,0.159,0.0498031,203116879
dynamic,4,16,0.156,0.155,0.156,0.155667,0.0104229,203116879
dynamic,4,64,0.169,0.169,0.168,0.168667,0.118476,203116879
dynamic,4,256,0.381,0.378,0.378,0.379,2.40669,203116879
dynamic,8,1,0.089,0.0829999,0.0829999,0.085,0.254073,203116879
dynamic,8,16,0.0879998,0.0900002,0.086,0.088,0.242044,203116879
dynamic,8,64,0.155,0.155,0.158,0.156,1.90332,203116879
dynamic,8,256,0.377,0.378,0.378,0.377667,4.82817,203116879
dynamic,16,1,0.0610001,0.0449998,0.0450001,0.0503333,0.464769,203116879
dynamic,16,16,0.052,0.05,0.0509999,0.051,0.26105,203116879
dynamic,16,64,0.155,0.16,0.16,0.158333,3.95126,203116879
dynamic,16,256,0.38,0.381,0.382,0.381,9.65634,203116879
guided,2,1,0.312,0.312,0.311,0.311667,0.00371525,203116879
guided,2,16,0.311,0.313,0.311,0.311667,0.00415951,203116879
guided,2,64,0.313,0.312,0.312,0.312333,0.00652934,203116879
guided,2,256,0.314,0.311,0.314,0.313,0.00772022,203116879
guided,4,1,0.338,0.337,0.339,0.338,2.07003,203116879
guided,4,16,0.339,0.337,0.338,0.338,2.05771,203116879
guided,4,64,0.339,0.337,0.34,0.338667,2.06387,203116879
guided,4,256,0.348,0.349,0.345,0.347333,2.20249,203116879
guided,8,1,0.172,0.164,0.163,0.166333,2.00872,203116879
guided,8,16,0.165,0.163,0.164,0.164,2.02202,203116879
guided,8,64,0.164,0.164,0.164,0.164,2.03477,203116879
guided,8,256,0.38,0.379,0.383,0.380667,4.83929,203116879
guided,16,1,0.123,0.0940001,0.0970001,0.104667,2.22309,203116879
guided,16,16,0.106,0.0930002,0.098,0.0990001,2.32721,203116879
guided,16,64,0.156,0.156,0.155,0.155667,3.94708,203116879
guided,16,256,0.379,0.376,0.381,0.378667,9.65634,203116879
