experiment,variant,threads,run1,run2,run3,avg,s_emp,s_theo,delta,throughput,penalty_ratio,chunk,checksum,max_steps,hits
sequential,baseline,1,4.477999926,4.476999998,3.960000038,4.218500018,1.000000000,1.000000000,0.000000000,3094464.844,1.000000000,,62455498,688,10516340
scaling,static,1,2.530999899,7.627000093,7.917999983,7.772500038,0.542746864,1.000000000,0.457253136,1679511.089,,, 62455498,688,10516340
scaling,static,2,3.884000063,4.007999897,4.080000162,4.044000030,1.043150343,1.043150343,0.000000000,3227992.063,,, 62455498,688,10516340
scaling,static,4,1.895999908,1.888999939,1.909000158,1.899000049,2.221432285,1.066152772,-1.155279513,6874144.110,,, 62455498,688,10516340
scaling,static,8,1.001999855,0.957999945,0.939000130,0.948500037,4.447548606,1.078038646,-3.369509960,13762782.802,,, 62455498,688,10516340
scaling,static,16,0.924999952,0.943000078,0.931999922,0.937500000,4.499733353,1.084081521,-3.415651831,13924266.667,,, 62455498,688,10516340
scaling,static,14,0.927000046,0.941999912,0.937000036,0.939499974,4.490154480,1.083214109,-3.406940371,13894625.181,,, 62455498,688,10516340
scaling,static,20,0.934000015,0.939000130,0.992999792,0.965999961,4.366977421,1.085298235,-3.281679186,13513458.104,,, 62455498,688,10516340
false_sharing,naive_hits_array,14,0.968000174,0.990000010,1.008999825,0.999499917,,,,13060531.349,1.056553846,,62455498,688,10516340
false_sharing,reduction,14,0.942000151,0.944999933,0.947000027,0.945999980,,,,13799154.626,1.000000000,,62455498,688,10516340
scheduling,static,14,0.979000092,0.998999834,0.677000046,0.837999940,,,,15577566.749,,default,62455498,688,10516340
scheduling,static_1000,14,0.450999975,0.441999912,0.435000181,0.438500047,,,,29769666.155,,1000,62455498,688,10516340
scheduling,dynamic_100,14,0.908999920,1.003999949,0.993999958,0.998999953,,,,13067067.678,,100,62455498,688,10516340
scheduling,dynamic_10000,14,0.941000223,0.941999912,0.944000006,0.942999959,,,,13843054.685,,10000,62455498,688,10516340
scheduling,guided,14,1.014999866,1.025000095,0.966000080,0.995500088,,,,13113007.383,,exponential_decay,62455498,688,10516340
